0.25262709395224153,-0.1547893247028154,-0.2809316477743403
0.2523054048149854,-0.15493814072683132,-0.27954301043150576
0.25165267219995024,-0.15524010016924078,-0.27672535581047897
0.25199564212346093,-0.15508143947957853,-0.2782058560453279
0.24975269869433656,-0.1561190434411608,-0.2685237292874456
0.24979175408132404,-0.15610097609994605,-0.2686923199003345
0.25105431930398925,-0.15551690310916855,-0.27414244243450403
0.2510711733618054,-0.15550910628427694,-0.2742151964424925
0.24912115210378513,-0.1564112020554936,-0.2657975284997537
0.24892783809124389,-0.15650063069762413,-0.2649630487936695
0.24999637181938852,-0.15600631826200467,-0.2695755944631819
0.25126248383976285,-0.15542060449361947,-0.275041027479354
0.25112556661827534,-0.1554839435192853,-0.2744499961244985
0.2525448407351406,-0.15482737571329053,-0.280576584840575
0.2521159860387089,-0.1542545471044163,-0.2796663919049207
0.2477036378483785,-0.15706695573519447,-0.2596785365877241
0.24781705415069435,-0.15701448842680726,-0.26016812139007517
0.24856471801143817,-0.15591618045676356,-0.2643136879680714
0.24880535173371773,-0.15655729388767992,-0.26443431123199945
0.24875393670433177,-0.15658107890048187,-0.26421236767991896
0.25076135652069764,-0.15565243008706398,-0.27287780830849795
0.2509233449992738,-0.15557749289296496,-0.27357706490254585
0.2508565650256137,-0.15560838585456369,-0.2732887954074398
0.24713152042554806,-0.1573316219308331,-0.2572088740290035
0.24687516276059754,-0.15745021508181528,-0.25610225342717463
0.2468289460912127,-0.15747159529079524,-0.25590274966550997
0.2506963634832879,-0.15568249639734888,-0.27259725249134725
0.2502574778860509,-0.15512414047454529,-0.271631761679078
0.24949839871355312,-0.1562366846906301,-0.2674259911026563
0.2501248958554576,-0.1559468619925098,-0.27013039490642865
0.2500270746331451,-0.155992114889431,-0.26970812947532474
0.24792722147800952,-0.15696352412080877,-0.2606436813234164
0.2479328936468649,-0.15696090012913844,-0.26066816640722945
0.24800645585583894,-0.15692686965005317,-0.2609857128163934
0.24568064661216582,-0.15726563343828487,-0.2518453825668052
0.24605559527927684,-0.15782935369688694,-0.25256442178249383
0.24627854265130358,-0.15772621642046908,-0.2535268199813383
0.24646362592717638,-0.15764059538439007,-0.25432577001926426
0.24662740134200303,-0.15756483153897724,-0.25503274029126755
0.24604677148827178,-0.15709432411986962,-0.2534281994039478
0.25030356240570406,-0.15586420938614853,-0.2709016458280603
0.2502362950857939,-0.15589532779810555,-0.27061127260260276
0.2505799418790964,-0.1557363539829457,-0.27209469468516223
0.2504474513860473,-0.15579764516785685,-0.27152277221433263
0.24828818260058655,-0.15679654055541886,-0.26220184427040727
0.2512384514262908,-0.15466514432451786,-0.27587266836861357
0.2521497456192038,-0.1543253395731531,-0.27688276468221507
0.25158468056193506,-0.15450314419528993,-0.27736947271372014
0.2519462577034504,-0.15510428511588753,-0.2779926780363787
0.24836750418733664,-0.1560084565297478,-0.2634611008272434
0.2486125245562841,-0.15589381184116863,-0.2645203633650358
0.2484484928264989,-0.1559705620585449,-0.26381122776493393
0.25076358930017484,-0.15488733165041432,-0.27381976287764587
0.25080454316810896,-0.15486816939278,-0.27399681304807344
0.251178822733495,-0.15545930680512976,-0.27467988710235114
0.2513485681398854,-0.1553807811928276,-0.27541262807115996
0.2535573161071275,-0.15435899633138694,-0.28494714308271396
0.25345663849429356,-0.1544055706179083,-0.28451254745427224
0.25304366669691375,-0.15459661474653807,-0.2827298697292159
0.25450517792625116,-0.1531366475555757,-0.2899952534315877
0.2544689006386157,-0.15315362164781682,-0.28983842087138056
0.2544245271902897,-0.1531743839223427,-0.2896465873038844
0.25240823175899696,-0.15411780573987202,-0.2809298172464999
0.2523986623403509,-0.15412228325749747,-0.28088844710766736
0.2525254436212825,-0.15406296247313778,-0.2814365430147996
0.24843259785993435,-0.15597799929121087,-0.2637425112631442
0.2489541446922697,-0.15573396825644678,-0.26599724226191934
0.24896221382070427,-0.15573019272251684,-0.26603212640440965
0.2515921600405624,-0.15526809358873123,-0.27646414262517116
0.2511425950462944,-0.15470999539090152,-0.275458265791494
0.2506964006277323,-0.15491876913645397,-0.2735292954198256
0.25122793587868264,-0.1546700645345639,-0.27582720796181726
0.2511894960105623,-0.1546880504951949,-0.2756610262176933
0.2517923288368765,-0.1544059858573243,-0.2782671696669474
0.24942523581866508,-0.15551354537605525,-0.26803384511343187
0.2493574118882051,-0.15554528009843444,-0.267740631332836
0.2495183484246712,-0.1554699781176913,-0.26843638591345687
0.2518444470265644,-0.15438159982912697,-0.2784924849993463
0.25171709806825554,-0.15444118622893901,-0.27794193493143593
0.2518915912811368,-0.15435954109822647,-0.27869629720873634
0.250074442480254,-0.15520978248539805,-0.27084047012530565
0.2501823282141981,-0.1551593029010954,-0.27130687753796334
0.25053099025288794,-0.1549961644199288,-0.27281419971497645
0.2501585803772475,-0.1551704144808523,-0.2712042118120752
0.25195687417952695,-0.15432899532120542,-0.2789785256982297
0.25190360711895643,-0.1543539189044849,-0.2787482436118749
0.2524801049082518,-0.15485732303588634,-0.28029713932555445
0.2503796636834519,-0.15506696991051422,-0.27215999057038665
0.250932464075931,-0.1548941810325026,-0.2716447176741995
0.25032673452608223,-0.15509173538935778,-0.27193116929401895
0.2501868155687044,-0.15515720327418628,-0.271326277094591
0.2517231938419976,-0.15443833402491491,-0.27796828794360184
0.25196079385665593,-0.1543271613097487,-0.2789954710940793
0.25159112775500586,-0.15450012756265247,-0.2773973449682725
0.2512334639750473,-0.15466747794599214,-0.275851106813205
0.25048053032951056,-0.15510537182337908,-0.26970001538133936
0.24943754901130138,-0.15550778405041008,-0.2680870770293591
0.25004213893425975,-0.15522489726947264,-0.2707008166905459
0.24953554093952673,-0.15546193376399137,-0.2685107119255967
0.25111029150030006,-0.15472511017497614,-0.27531861235673427
0.25117441201167956,-0.15469510827721467,-0.27559581565987235
0.2515257232114635,-0.15453073025727043,-0.2771145905871838
0.2519161500857693,-0.15434805006782332,-0.2788024688785934
0.2517537402913478,-0.15442404138390714,-0.2781003451664291
0.25168844387682965,-0.1544545934851056,-0.2778180582445361
0.2519014310223434,-0.15435493709705228,-0.2787388359955585
0.2479211475752382,-0.1562173061654295,-0.2615314292667813
0.2481209835281777,-0.15612380320202246,-0.2623953522931086
0.24813208026929126,-0.15611861105234662,-0.26244332529308256
0.24803247992183022,-0.15616521391588037,-0.26201273694130667
-0.4629362867660899,-0.796180964877184,-1.6939698463106279
0.24970014389758727,-0.15471280925580855,-0.2672615913591534
-0.30971183249072176,-0.8373352092260831,-2.05147175953275
0.24956390175344903,-0.15477719549887453,-0.26667445798308864
-0.32635926555404327,-0.749058581727722,-1.5078509393087116
0.25067906742697676,-0.15425018288784456,-0.27148024690333394
-0.6270466973906252,-1.0880417603341195,-2.799590957912464
0.25013225870533107,-0.1537466872876499,-0.2700490869966775
0.24955809372765778,-0.15469130518081442,-0.2695356597328118
0.25038916552145773,-0.15506252401377596,-0.2722010685472218
0.2501567151515792,-0.15517128721733864,-0.2711961481409467
0.2501160991868458,-0.155190291370537,-0.27102055878050624
0.24972020748355203,-0.15461459202577824,-0.27023755343184785
0.2501830716012398,-0.15515895507133634,-0.2713100913199349
0.24948685584635877,-0.15548471345111967,-0.26830023842266604
0.2492606634437586,-0.15559054856052898,-0.26732237221735067
0.24955200358346857,-0.15545423091587302,-0.2685818825881646
0.2494959116521396,-0.15548047625223682,-0.2683393881303183
0.24952030826323568,-0.1554690611119629,-0.26844485861138156
0.2497727354703442,-0.15535095077414826,-0.2695361421040896
0.25158250446532204,-0.1545041623878573,-0.27736006509740363
0.2515232632761618,-0.15453188125756398,-0.2771039558904782
0.25185569244508627,-0.15437633811349932,-0.2785411007557146
0.2507728039009526,-0.15496879099224173,-0.27095768885455873
0.25081458248403005,-0.15494926766150635,-0.27113746499862157
0.25020214285789166,-0.15515003165697266,-0.2713925394356025
0.251630784074649,-0.15448157242605212,-0.27756878562834997
0.2515045704710948,-0.15454062759495946,-0.2770231438819959
0.252181327349538,-0.154310581280241,-0.27701866306085976
0.25145818311969215,-0.15456233217192347,-0.276822603886977
0.24919929781896594,-0.155704097874137,-0.26418678292043596
0.24846053569657459,-0.15596492721644847,-0.26386329103287154
0.24901195271356982,-0.1557916451336387,-0.26338062392278283
0.24988956888104488,-0.15529628458438224,-0.2700412317652039
0.249746568246476,-0.15536319438166643,-0.2694230169786943
0.24992969826516914,-0.1552775081015716,-0.2702147175592631
0.24979192837214834,-0.15534197044218762,-0.2696191161113527
0.25013072363737543,-0.1551834486105501,-0.2710837826367447
0.25005666877189314,-0.1552180987787278,-0.27076363151998806
0.24968582676710432,-0.15539161523506861,-0.26916042177542654
0.24911848334822254,-0.15574186286098685,-0.26383903264111785
0.24814624517146783,-0.15611198331439258,-0.2625045624477387
0.2488768681756958,-0.15585477078118054,-0.2627993457761202
0.2482681200979241,-0.15605495820644255,-0.2630314473938593
0.2495576668411136,-0.15545158108552687,-0.26860636576354713
0.24896121362722998,-0.1557306607116472,-0.266027802406848
0.24953456777830849,-0.1554623891047668,-0.2685065047928341
0.24860176696288613,-0.15514384446698717,-0.26539511208643785
0.2479732117004139,-0.1561929454339419,-0.2617565108695823
0.24803184466381276,-0.1561655111522199,-0.26200999061853114
0.24806389140337445,-0.15615051652751663,-0.26214853383770065
0.24963176225498002,-0.15541691194481688,-0.2689266921775023
0.249316931084752,-0.15556422100985845,-0.26756562629639025
0.24971314286185514,-0.15537883407246827,-0.26927851365477773
0.24899247015614764,-0.1549589614848339,-0.2670867150477707
0.2497424728596826,-0.15536511060742986,-0.26940531196165163
0.2500794434476255,-0.15520744253974633,-0.2708620901131137
0.24956908796929986,-0.15544623715559255,-0.2686557411411087
0.24964723822157558,-0.1554096707616514,-0.2689935972749081
0.2497998758554306,-0.15533825182585465,-0.2696534743622476
0.2500897292210572,-0.15520262984071673,-0.2709065571691187
0.24992938739422443,-0.15527765355765266,-0.27021337361407505
0.24990795081516712,-0.15528768370306784,-0.27012069982849807
0.25166480416890324,-0.15446565447144303,-0.27771585997784376
0.2514967446329648,-0.1545442892936955,-0.27698931152269646
0.2513174531946325,-0.1546281795073982,-0.27621420574358024
0.252808322664845,-0.1539306037635574,-0.28265947470353836
0.2532438798906466,-0.15372680714564793,-0.2845424587768153
0.25300457684385624,-0.1538387767071712,-0.28350791314400325
0.2527921708918478,-0.15393816115559472,-0.2825896479861586
0.2507634135905104,-0.15488741386472102,-0.2738190032564526
0.25060493698934594,-0.15496156484517062,-0.2731338833725374
0.2504467577429982,-0.1550355766937166,-0.2724500490014107
0.25064824266355756,-0.15494130218066227,-0.27332110078047467
0.2505708222821955,-0.1549775270690218,-0.2729863999962471
0.2507221894000156,-0.15490670260590406,-0.2736407844380354
0.24593856136725492,-0.15714495548443075,-0.2529603896137026
0.24642491205537626,-0.1570005815473518,-0.2522484083279981
0.2461526703513953,-0.15704477418965018,-0.2538860172538818
0.24605348900390323,-0.1570911810036834,-0.25345724030649
0.24832077893273322,-0.15603031921114774,-0.2632591000222375
0.24862394568447035,-0.1558884679112343,-0.26456973874259737
0.2486560059401601,-0.1558734669623536,-0.26470834039416646
0.24861324091106973,-0.1558934766597645,-0.2645234602822084
0.24885451731255262,-0.1557805837683354,-0.2655665370453445
0.24888084672995717,-0.155768264270688,-0.2656803633595337
0.24826982039104836,-0.15530092348035435,-0.26395790396116614
0.24897790604534836,-0.15572285035251243,-0.26609996642020706
0.24871274869338428,-0.15509132727835673,-0.26587562268169906
0.24896129702902567,-0.15497371278660144,-0.2669517467263878
0.2526190292917697,-0.15401917386856354,-0.2818411289488064
0.25214320752056346,-0.15424181021105804,-0.27978407475747546
0.25225002145580844,-0.1534174696076599,-0.2811907293487541
0.25236918366511507,-0.15413607628848772,-0.28076100604439913
0.25021134734108086,-0.15514572489213801,-0.2714323318996492
0.2502458504408101,-0.15516956937468837,-0.270964168262266
0.2507623482459167,-0.15454154584176027,-0.2720578763184525
0.25031125769700163,-0.15399067140298647,-0.2710421400160532
0.2515093966739028,-0.1541023558324769,-0.2782143055817457
0.2518499853799614,-0.15394197197067613,-0.27969484877695644
0.25213299597557803,-0.15380870174929745,-0.2809250992346463
0.2518220903112789,-0.15395510781094598,-0.27957358857841447
0.2515763986123672,-0.1540708044937275,-0.27850556381284625
0.26610078825117756,-0.14958893835616113,-0.3001851534687789
0.27661542737600164,-0.1414754930192313,-0.3256584602892463
0.2838580239187808,-0.1341482377095111,-0.34329277531786273
0.29229221820909423,-0.12493159334638362,-0.3841265483778624
0.27727706890238324,-0.1521086030966238,-0.34894326600408865
0.27673603906141775,-0.1745220256340215,-0.3240336826554572
0.2792148422610068,-0.21137170630099994,-0.29134120829688687
0.2747122227604536,-0.20176654545104034,-0.32061452417735087
0.37188777375269977,-0.18539912049501892,-0.8378019020233828
0.329197249238973,-0.15249049852263735,-0.8114875295664145
0.28384064862349273,-0.12845137063217438,-0.7213029988667001
0.21369462529667027,-0.0883778060970366,-0.6049359512735099
0.1989183644088341,-0.07053597064881062,-0.664898279928589
0.04734428316054115,0.25424117178486183,-1.9153316099165396
0.008195836579345916,0.028972826191119072,-0.9101188322458
-0.29172003609766317,0.3904372317897288,-1.7001868304094825
-0.09093995186975776,-0.06608084769202704,-0.8789827765434639
1.1521316029992177,0.13237126797459564,-1.6657308169851905
1.3373500034764618,0.06589881290823252,-1.8889723544040997
1.4130049454011104,0.021604154612305804,-1.9910773744348567
1.3665295493430878,-0.013927203087449852,-1.9699458414545616
1.185736340527105,-0.012286555393520193,-2.510550088837863
-1.3476405948077217,-0.368425846305673,-5.509158169970164
-0.7141492613384445,-1.3942540730614361,-3.500519865480562
0.5555135184892227,-0.578816943262477,-7.700593633219307
1.4742135348650636,0.4113683705701512,-5.652907994314716
1.4668490457448211,0.41994065872258,-5.6522461838448645
0.20221054922948412,-0.17676251447130897,-0.06762453799474782
0.050554416921373135,-0.028886290796355185,-0.11124740318416876
0.2027957067573315,-0.17705250165572478,-0.06757799034818385
0.20279206794772076,-0.17705419699830974,-0.06756202184727461
0.20279190360289806,-0.17705247153893797,-0.06756680593037401
0.24464969336532832,-0.1575499795188383,-0.2512568430614788
0.2443787047585966,-0.15767623924660507,-0.25006762816228867
0.24452364254373263,-0.15760870945073985,-0.25070367768340385
0.2444637827319756,-0.1576365994924201,-0.25044098700846107
0.25261548989347604,-0.15383701080417556,-0.28621849375599007
0.2524812958055942,-0.1538995359550152,-0.28562958927782955
0.25240015023477336,-0.15393734417097785,-0.2852734857356125
0.25248963961757415,-0.15389564831651445,-0.28566620570644774
0.25142203154733606,-0.15439307973605698,-0.28098105762423686
0.251223352855047,-0.15448565024642805,-0.28010916547570075
0.2513697427703435,-0.15441744268468072,-0.28075159077204936
0.2511417674347128,-0.15452366340180046,-0.2797511316744672
0.25151869181008124,-0.1543480427481856,-0.2814052466663127
0.25136539759030285,-0.154419467237638,-0.28073252215267297
0.25182903896366093,-0.1542034424688699,-0.28276719063427946
0.25160130354594656,-0.154309551400857,-0.28176778440525185
0.2486069946620919,-0.1557046919586766,-0.2686273999178902
0.24849358013152117,-0.1557575352749752,-0.2681296855550904
0.24845776571811845,-0.15577422231115975,-0.2679725156769798
0.24824847732241723,-0.15587173620850622,-0.26705406334125514
0.24859514538277855,-0.15571021290217046,-0.26857539990983637
0.2485975845482615,-0.15570907641998893,-0.26858610407347405
0.24856276979284359,-0.1557252976847876,-0.26843332114767393
0.24826604813159076,-0.1557852577970557,-0.27005765696646067
0.25002497619162173,-0.15504401077352797,-0.27485014553858
0.25014156297019763,-0.15498968940936486,-0.2753617811633783
0.25016284423291935,-0.15497883526049638,-0.27545809705956525
0.24830343507461689,-0.15584383072529123,-0.2673020111044926
0.24837405027953324,-0.1558109278747129,-0.2676119054797541
0.2482124936734949,-0.15588620447944299,-0.2669029153471487
0.2372848282082,-0.18475310838692774,-0.28717757673803634
0.17944872864237288,-0.1466874938971816,-0.25686051044810476
0.17865857865183365,-0.14751886570854744,-0.24140033264781813
0.25229875430974036,-0.17285271492518467,-0.305811201464807
0.40605391051033823,-0.14861618668093118,-0.8585623503710171
0.5599450655914471,-0.1015928484308985,-0.9163223919153982
0.13542974812166608,-0.20109156844894763,0.0132949662841777
0.14359507365880156,-0.20377260207903392,0.011866023383035718
0.14367833225688656,-0.2037551723372229,0.011421656684678927
0.1433172379556634,-0.20336874537612432,0.01169632791823938
0.1433524952409032,-0.20336117499166387,0.011507475533948153
0.14369524075796597,-0.20375163263303614,0.011331412854352185
0.18515414326928367,-0.1809266502003827,0.0057209098792752044
0.08905534517639196,-0.18653300928418115,0.04808898254651783
0.07557593445929756,-0.1862864599431694,-0.026253409924292592
0.08172521599806565,-0.12810310875482905,0.0784843860907325
0.13936042460748635,-0.24168994377944975,0.010971418019738943
0.144196227687144,-0.2089351167461815,0.012878006667820574
0.16793915269033122,-0.20747826353488485,0.013263081332600679
0.16542491261651832,-0.25621989149796454,0.011196592477543732
0.10371922830354602,-0.15744859050669147,0.053391136106892056
0.09400427838758213,-0.17695443818286155,0.02213766603251338
0.10408613530376923,-0.22362049794344377,0.06254746180751469
0.12538585659338855,-0.28127116729051194,0.015724416156197463
0.15458570859258447,-0.2894230788959205,0.008786003877480575
0.13776886817402628,-0.2962721407741964,0.01689305012142417
0.13930472494225127,-0.29656971187438297,0.016074316184249593
0.15664104314185454,-0.2877264557212688,0.007042400688456851
0.15421329386200777,-0.2897512175507445,0.008662109979392763
0.15607493262567163,-0.28792645778329606,0.00782409964248687
0.12462082241268682,-0.2883911185852106,0.017105423550396903
0.12927571689045414,-0.28844334690114914,-0.06440991245096406
-0.036875274879128575,-0.24623241643616095,-0.030003610686040683
-0.1490567011837851,-0.24284975819423285,-0.03942550342834078
-0.1111730834265669,-0.32260713577422917,-0.0394249337509438
0.03579145795119068,-0.20781748472972145,0.011248100189746812
0.1534458316512785,-0.2948021757164464,0.020097131307811766
0.15010176926855903,-0.29612850738643376,0.021760785041820885
0.13768128448893596,-0.27639962319337974,0.017629048130975766
0.13779361724216987,-0.27642910291845424,0.017514034798453038
0.15170538183660454,-0.2955608999712009,0.020595910148242136
0.13750851759491067,-0.27635388562885577,0.01780595064907675
0.15015222617280627,-0.2955133705271966,0.021713734979936727
0.15105659674651148,-0.29642300385065873,0.020827819816949422
0.1516207273674561,-0.29639508607113246,0.019880018740315197
0.14669213966766348,-0.3021498285988006,0.01911584990852111
0.15145575408394574,-0.29548426556127694,0.020838731024396207
0.1500638511207637,-0.29548634756298736,0.021799395713662795
0.07339187530030605,-0.21943730487097113,0.007433130645112362
0.1510993568068965,-0.29623397537834306,0.02038966286983579
0.15220680342675275,-0.2952843034732995,0.02050484324345969
0.15186688522997677,-0.29518075688774603,0.02083598503432027
0.15019569626929502,-0.2955268278821172,0.021670660252082752
0.14976638933985204,-0.2962518848720213,0.021294885712163758
0.15089454373921557,-0.2957413945075914,0.02098829573115457
0.15031852614909896,-0.29556454024991036,0.021550727425971805
0.13680091410591888,-0.27595061753903954,0.018117200216513696
0.1508881186163577,-0.2968018832899857,0.020594059235994833
0.1516605809784592,-0.29554833022234944,0.02063907016526334
0.14705184285514583,-0.30057318789728765,0.01916452996841711
0.15073214740453106,-0.29632383036747706,0.021144710366275687
0.12927314781805577,-0.1675508273498768,0.04243684883769272
0.21868910825880034,-0.12005246741761097,0.06031363500650516
0.1970757298040477,-0.051435404916822886,0.006632450372671628
0.36714213862817296,-0.04321899073094276,-0.04535172091275563
0.19530642652213484,-0.18095634231380464,-0.04087560798814127
0.12660703312476074,-0.2144351887278001,0.003639446124729162
0.12339052466036142,-0.2872910732857732,0.018403967396824594
0.12372635066054459,-0.2869394082737384,0.01876880707908385
0.1386814696413438,-0.21442461247709893,0.011566761694779104
0.13864446490899382,-0.21442838275315584,0.011777089466936064
0.13864618129870707,-0.21442820787652173,0.01176733383835521
0.13864135231235786,-0.21442869988417737,0.011794780866778487
0.13864626528107837,-0.21442819931986684,0.011766856498730438
0.13868675003293873,-0.2144240744774233,0.011536748965872812
0.13866848386718297,-0.21442593554985992,0.011640570334256639
0.13865873666321504,-0.21442692865661703,0.011695971564454566
0.1386499867499062,-0.21442782015309744,0.011745704386608546
0.13863887483240478,-0.21442895230549636,0.011808862385708718
0.1386411790987171,-0.21442871753227807,0.011795765379754575
0.13862749522109485,-0.21443011173223273,0.011873541904862783
0.13863933148654867,-0.21442890577868545,0.011806266851499103
0.13866251062102491,-0.21442654414193832,0.011674521115067171
0.13865170313961944,-0.2144276452764633,0.011735948758027637
0.13863461797596,-0.21442938602094064,0.011833057537938396
0.13862929559317944,-0.21442992829894372,0.011863308936657158
0.13862673937975326,-0.21443018874212666,0.011877837961485616
0.1386633346980432,-0.2144264601797623,0.011669837219999313
0.13915124017355301,-0.21410841100759748,0.01115984351484356
0.1387010637783456,-0.21442261610255703,0.0114553923935789
0.1387081707865161,-0.21442189199563774,0.011414997527834092
-0.428368633159372,-0.4393576491173471,-0.7847198172725778
0.13871131487654126,-0.21442157165587064,0.0113971271256324
-0.2373563482462109,-0.47991381763247565,-0.5131549993171591
0.13912296012498548,-0.2141111375160527,0.011322372694084815
0.13865675801742408,-0.21442688138786903,0.011709814413572439
0.138119278666343,-0.214749177395072,0.01250837211960193
0.13909028903474588,-0.2141145744296251,0.011507157153743508
-0.4764233956263578,-0.2306041974897016,-3.300634736974525
0.13825294897509466,-0.21430879264979827,0.009994526405031845
0.1381722030315225,-0.21431718005357164,0.010457508826107353
-10.483482865585206,0.8841818395561948,-26.629512920161872
0.13818126152032711,-0.21431623911214698,0.01040556911381324
-0.22148608841542247,-0.2774136767820242,-0.1472803324587339
0.13801544590877338,-0.21433346304222328,0.011356325398190814
0.13804037366285898,-0.2143308736968094,0.011213394231274598
-0.20114271857790275,-0.2615891164147871,-0.12167525431298992
-0.21841477610586432,-0.27864849135585645,-0.1668999290006447
0.1380272099772325,-0.21433224106142995,0.011288872388715232
-0.38768587697027135,-0.3763453827789552,-0.36249025456276435
0.1380352486706289,-0.21433140605022885,0.011242779996127938
0.13804125817928448,-0.21433078181855425,0.011208322576426788
0.1380343693572412,-0.21433149738802368,0.01124782181771189
0.13806796016925887,-0.21432800817616976,0.011055218266551203
0.13802521201071843,-0.2143324485981945,0.011300328362018441
0.1380232972928091,-0.21433264748759387,0.011311307003100735
0.13804690347529425,-0.21433019541910234,0.011175953485192403
0.13802957735943014,-0.2143319951519824,0.011275298253681454
0.13802926517716232,-0.21433202757960185,0.01127708824951007
0.13803593547161813,-0.21433133470946605,0.01123884200530495
0.1380112210420822,-0.21433390189600665,0.011380550008404933
-0.554567995960365,-0.38864283766361835,-0.7055163520794008
0.13803646097843564,-0.21433128012297328,0.0112358288456601
-0.4109344333820829,-0.43174172279772355,-0.5642417400943158
0.13851121402717895,-0.21401419803507618,0.01079846868447698
-0.3336537844501365,-0.3991684795938846,-0.4389399976068064
-0.2777731219419023,-0.5654259929819164,-0.40347961396398296
0.1381309273326786,-0.21432146752532463,0.010694176107916231
0.13812507911819474,-0.21432207500272918,0.010727708696439242
0.1380703795818345,-0.21432775686211894,0.011041345798879332
0.138016840322903,-0.21433331819885637,0.011348330083489566
0.13807612893860022,-0.21432715965346053,0.011008380042368648
0.13805309509027275,-0.2143295522713164,0.011140451901257842
0.13802587799955646,-0.214332379419273,0.011296509704250723
0.13803504054911703,-0.21433142766864183,0.011243973326680368
0.13803739645009291,-0.21433096712485594,0.011232756019487533
0.13809552998014193,-0.21432492845327883,0.010899428962932556
0.13807023281527142,-0.21432755621853505,0.01104447829157934
0.13805312523030755,-0.21432933328397366,0.011142570062988355
0.1380739477835391,-0.214327170322938,0.01102317734121866
0.13809888073583437,-0.21432458039058344,0.01088021634103864
0.13808670042671017,-0.2143258456309094,0.010950056011619025
0.13808525918551945,-0.21432599534110602,0.010958319825694562
0.13809462465174055,-0.214325022495063,0.010904619950835581
0.13808463482110472,-0.21432606019750888,0.01096189981735185
0.13809483797624894,-0.214325000335792,0.010903396787019404
0.13811437537939347,-0.21432297087085223,0.010791372881410854
0.13811551484445037,-0.21432285250791702,0.010784839396636381
0.13810640432703197,-0.21432379887092887,0.010837077441568588
0.13809151323574043,-0.2143253456961373,0.0109224602425943
0.1381298700229526,-0.21432136135112106,0.01070252942178318
0.13813602001243777,-0.2143207225155528,0.010667266503959105
0.13812479185904603,-0.2143218888498644,0.01073164668726223
0.13812156077319976,-0.21432222448174923,0.010750173144088548
0.13810592564764734,-0.21432384859417106,0.010839822101839147
0.13808235068795413,-0.21432629746384937,0.010974996620164656
0.13810311600778102,-0.21432414044798398,0.010855932064296858
0.13811195596728637,-0.21432322218941335,0.010805245349082782
0.1381011336507642,-0.21432434636706307,0.010867298537808656
0.1381186314634873,-0.2143225287663727,0.010766969271613858
0.13809893276620228,-0.2143245749858832,0.010879918008400546
0.13807738699085698,-0.21432681307225218,0.011003457553839857
0.13806915058361918,-0.2143276686363,0.011050683610451972
0.13804169936151783,-0.21433052015614615,0.011208083910316302
0.13803862956981203,-0.21433083903346026,0.01122568553596448
0.13807261060308418,-0.21432730922373414,0.0110308444900179
0.13803719873469492,-0.21433098766271683,0.011233889683512355
0.13806576860970604,-0.21432801994181555,0.011070075231928767
0.13807535260347228,-0.21432702439603155,0.011015122359989749
0.1380565280163679,-0.21432897981657803,0.011123059108456235
0.13808274611875015,-0.21432625638812758,0.010972729292115069
0.1380547902020802,-0.214329160333566,0.011133023418568977
0.13804438933153798,-0.2143302407331438,0.011192660112926245
0.13805084630019376,-0.21432957000984412,0.011155637032537358
0.13803128288186525,-0.214331602177134,0.011267810104464926
0.1380674595966626,-0.2143278442890578,0.01106037942119037
0.1380837607109241,-0.2143261509964729,0.010966911805671997
0.13808208533307786,-0.2143263250278206,0.010976518116618983
0.1380981262954999,-0.2143246587587369,0.010884542164291133
0.13808433304497092,-0.21432609154477028,0.010963630146652803
0.13807771998521148,-0.21432677848217066,0.011001548224956026
0.13810647716954702,-0.21432379130434853,0.01083665977587528
0.13809779850418213,-0.2143246928083484,0.010886421659911216
0.13807620590150577,-0.21432693575894762,0.011010229704724872
0.13810791841073772,-0.2143236415941519,0.010828395961799742
0.13809340193809502,-0.2143251495055186,0.010911630767831082
0.13810236156744654,-0.21432421881613745,0.010860257887549352
0.13808932275725205,-0.21432557323401735,0.010935020046658583
0.13811051992913245,-0.21432337135913995,0.01081347932989446
0.13808567022542584,-0.21432595264397414,0.010955962997853563
0.1380780113552717,-0.21432674821584932,0.010999877562182625
0.13847864034070043,-0.2140174746223746,0.010986591501463028
0.13805748017210034,-0.21432888091056365,0.01111759962117892
0.13804322905433392,-0.21433036125795912,0.011199312930755989
0.13803254201676832,-0.21433147138338823,0.011260590454622799
0.13807115895581995,-0.2143274600148708,0.0110391679706211
0.13805340619429418,-0.21432930409859235,0.011140959066742617
0.1380651858695856,-0.21432808047445825,0.011073416557475568
0.13806782901227466,-0.2143278059156861,0.0110582612594598
0.13807292798832838,-0.21432727625506268,0.011029024660925535
0.1380762787440208,-0.2143269281923673,0.011009812039031508
0.1380703837033383,-0.21432754054490435,0.011043613126928864
0.13807541503991375,-0.21432701791039124,0.011014764360824103
0.13806249069652865,-0.21432836043793063,0.011088870188129374
0.1380705293883684,-0.21432752541174369,0.011042777795542191
0.138055981697505,-0.21432903656593053,0.011126191601156354
0.13804828640609335,-0.2143298359210959,0.011170314998332154
0.13804110621532384,-0.21433058176972888,0.011211484902390711
0.13808734560327204,-0.21432577861262642,0.010946356686906578
0.13806348447655542,-0.21432825720815607,0.011083172034741628
0.13809619596885098,-0.21432485927311576,0.010895610305164838
0.138088854483941,-0.21432562187631948,0.01093770504040148
0.13809243937628896,-0.21432524949247303,0.01091714992163606
0.1380839480202485,-0.21432613153955204,0.010965837808174839
0.13808585753475028,-0.21432593318705326,0.01095488900035635
0.13808113838038216,-0.21432642339336494,0.010981947770632494
0.13807506123341207,-0.21432705466235286,0.011016793022763205
0.13808089904068988,-0.21432644825498606,0.010983320100767802
0.13804789617833413,-0.21432987645634768,0.011172552493117938
0.13808439027837563,-0.2143260855996,0.010963301980750906
0.13806903611680982,-0.21432768052664056,0.011051339942255767
0.13811645139107248,-0.2143227552233127,0.010779469409150477
0.1380993438061086,-0.2143245322887513,0.010877561180559436
0.13808834458633562,-0.21432567484238185,0.010940628700254917
0.1381071847825504,-0.21432371780042528,0.01083260245199702
0.13811627448782163,-0.21432277359929353,0.010780483740120028
0.13812065024176162,-0.21432231906400342,0.010755393965255378
0.13808209053611464,-0.2143263244873506,0.010976488283355179
0.13810621181467075,-0.21432381886831975,0.01083818127232955
0.1381073824979484,-0.21432369726256437,0.010831468787972254
0.13809315219232912,-0.21432517544807975,0.010913062764493997
0.13811558248392863,-0.2143228454818067,0.01078445156420682
0.1380574229386957,-0.21432888685573392,0.011117927787080872
0.13809976525208859,-0.21432448851067937,0.01087514468619083
0.13806321912167918,-0.2143282847721273,0.011084693531195955
0.1380745461327699,-0.21432710816888523,0.011019746515880446
0.13802690712792529,-0.2143320567124241,0.011292899879329577
0.1380270007825875,-0.2143320469839637,0.011292362880580997
0.13804230291378541,-0.21433045746162338,0.01120462325171423
0.13803983147131038,-0.21433071418488472,0.01121879405202425
0.1380399251259726,-0.2143307044564243,0.011218257053275671
0.13808229865758626,-0.21432630286854962,0.01097529495280275
0.138092215645707,-0.21432527273268406,0.0109184327519799
0.13808663799026866,-0.21432585211654967,0.010950414010784781
0.13805550301812036,-0.21432908628917274,0.01112893626142697
0.13804788577226051,-0.21432987753728772,0.0111726121596456
0.13809457782440945,-0.2143250273592932,0.010904888450209926
0.1384848939554273,-0.21401680420955443,0.010950912007470726
0.1380690048985891,-0.2143276837694607,0.011051518941838645
0.13806398396808722,-0.21432820532303376,0.011080308041415798
0.13805014909326396,-0.21432964243282732,0.01115963468988801
0.1380479065844077,-0.21432987537540762,0.011172492826590275
0.13849242861999372,-0.2140159964630044,0.010907923587033519
0.13807274588204071,-0.2143272951715135,0.011030068825158834
0.13807780323380012,-0.21432676983465027,0.011001070892735054
0.13808378672610805,-0.21432614829412278,0.010966762639352923
0.1380779229036463,-0.21432675740383972,0.0110003847276674
0.1384945933327838,-0.21401576439702819,0.01089557299295929
0.1380887035958741,-0.21432563754995018,0.010938570205052012
0.1381055978563296,-0.21432388264378258,0.01084170159745923
0.13810863122677786,-0.21432356754975865,0.010824308804657679
0.13807663775355927,-0.21432689089993562,0.011007753543828602
0.1380694471567162,-0.21432763782950867,0.011048983114414768
0.1380872883698674,-0.2143257845577967,0.010946684852808475
0.13806991543002725,-0.2143275891872065,0.011046298120671816
0.13811524428653732,-0.21432288061235824,0.010786390726354511
0.13806299539109723,-0.21432830801233832,0.011085976361539795
0.13810582678994832,-0.2143238588631015,0.010840388933851586
0.13812990644421014,-0.21432135756783088,0.010702320588936498
0.13810923477904546,-0.21432350485523585,0.010820848146055662
0.13811043147750707,-0.21432338054713035,0.01081398649537929
0.13806312026398018,-0.21432829504105774,0.011085260363208338
0.13808149738992068,-0.2143263861009333,0.010979889275429588
0.13804606991242102,-0.21433006616132608,0.0111830239687154
0.1380330363052633,-0.21433142003873595,0.011257756294560772
0.13804657981002638,-0.21433001319526374,0.011180100308861962
0.138073307810014,-0.21432723680075094,0.011026846832667359
0.13804048185090909,-0.21433064662613174,0.011215064894047944
0.13807210070547882,-0.21432736218979648,0.011033768149871337
0.1380969816274062,-0.21432477766214217,0.010891105482329466
0.13805677255909699,-0.2143289544144869,0.011121656945057179
0.13805445720772566,-0.21432919492364755,0.011134932747452864
0.1380499305657188,-0.21432966513256835,0.011160887686968046
0.13804436851939084,-0.2143302428950239,0.01119277944598146
0.13806149171346505,-0.21432846420817522,0.011094598174781034
0.13806598193421438,-0.21432799778254458,0.011068852068112534
0.13809576931983425,-0.21432490359165773,0.010898056632797304
0.13806210046876943,-0.21432840097318243,0.011091107682915213
0.13809551437103157,-0.2143249300746889,0.010899518462724023
-0.10854728651039054,-0.4204953458281194,-0.21959865700240772
-0.11300766611101483,-0.4263854706088315,-0.2249700466568238
0.1384286914780649,-0.21471846709467507,0.010743295294569799
-0.10191838502826318,-0.41714625024889446,-0.20973341596120593
-0.1066548909257473,-0.40915456264460326,-0.2141206619639538
-0.08320824666633532,-0.3756793537647045,-0.10982516490256239
-0.09486740339075624,-0.3685256642583704,-0.1373630565262562
0.13836390342618915,-0.21472485188108195,0.011113364138383375
-0.07386748729307287,-0.36022022755536687,-0.10539120030852084
-0.09029797988883333,-0.3758624479191871,-0.12567649433143485
0.13808581070741915,-0.21432593805128347,0.010955157499730694
-0.12159568905276084,-0.39759227219889254,-0.2566729662145741
0.13808364104107795,-0.21432616342728344,0.010967597970739651
-0.09487256715150784,-0.3904718982731803,-0.16339981115614283
0.1384692494610604,-0.21401848136269655,0.011040170407157102
-0.06820010232642752,-0.36206662849031057,-0.06416444215630318
0.1384852338257929,-0.21401676777407508,0.010948972904536391
-0.14689494922859087,-0.33727622050604833,-0.13745632417568737
0.13837184262635452,-0.2147240694822317,0.011068015489351046
-0.0591515108765871,-0.3515219630156864,-0.06614101143469003
-0.037787316375787305,-0.3381720302756246,-0.002418986235809051
-0.050998535664839265,-0.34363154769251214,-0.007093608237381199
-0.046167149172712765,-0.33599038072518606,-0.007506543054023318
-0.0425006064195045,-0.33625096029730817,-0.00544703159501414
-0.0432942523389562,-0.3405780617527417,-0.011112446851330782
0.1384224863663567,-0.21471907860114486,0.010778738843945035
-0.042937149927786564,-0.3363220494387729,-0.0018496408727188274
0.13838575711927592,-0.21472269822529944,0.010988536014994443
-0.03845823790662602,-0.33480313619832935,-0.0021995270264982825
-0.031524171411307755,-0.33458440416668467,-0.002279234952161313
-0.03720844983851063,-0.33903905627168,-0.0027132458203456555
-0.016342471315556564,-0.34358798809909685,-0.0035797255660625082
-0.05678387784289199,-0.3498249543726516,-0.012094486351151068
-0.057676716189082,-0.34927862837563295,-0.013097841128844101
-0.058669668050982934,-0.3488339528465243,-0.014504830709631766
-0.0583004156769293,-0.3483113197098463,-0.011286380547234964
0.13812683144946752,-0.21432167698561502,0.01071995204784848
0.13812610822735377,-0.21432175211094834,0.01072409887151815
-0.05725045578509155,-0.345641456659865,-0.013010154897570847
-0.05627194006572396,-0.34228302532127375,-0.013696439081932854
0.13812734655010966,-0.21432162347908265,0.010716998554731239
-0.059032668651503736,-0.34806697199315795,-0.018402263283877673
-0.053457868412611895,-0.3370332177034306,-0.0065586955485697485
-0.055302388762835664,-0.34316637231064884,-0.00857547002511938
0.13807074791591356,-0.21432750271200268,0.011041524798462155
-0.05575882444911015,-0.3455483328477596,-0.009481949790477784
-0.05510261461698644,-0.34433216352555207,-0.008760419518842044
0.13806173625619417,-0.2143284388060841,0.011093196011381978
-0.05637657919063786,-0.3481134624105162,-0.011062972168418728
0.13808426540549268,-0.21432609857088059,0.010964017979082363
-0.055585918927672784,-0.345484361889267,-0.010463025212549104
-0.055782738382812294,-0.34608029154230846,-0.007546312795737142
-0.05289476855480742,-0.3430634135199829,-0.005886327981760642
0.138094489372784,-0.2143250365472836,0.010905395615694702
-0.054513956584531176,-0.34507572217636956,-0.007297651058103705
0.13810581638387476,-0.21432385994404157,0.010840448600379193
-0.053495783872729394,-0.34346857531762276,-0.005021541471146362
-0.05805589042736872,-0.35069762828087403,-0.010621155146534278
0.13810798605021596,-0.2143236345680416,0.010828008129370181
-0.05606440386523444,-0.34826914860153424,-0.00771889718179003
0.13808427060852946,-0.21432609803041056,0.01096398814581856
-0.05512519197933734,-0.34549080648634156,-0.006476563088274878
0.13810106601128597,-0.21432435339317338,0.010867686370238161
-0.05523800073820943,-0.33637207204386615,-0.004895609331382
0.1381493814109132,-0.2143193345885314,0.010590654682493705
-0.06124669820836298,-0.350231972390909,-0.04467554661966039
-0.0649448445783949,-0.3495336593893349,-0.04376115364316252
-0.13352899875181118,-0.33885341553328036,-0.1177419835623365
-0.1495186141891855,-0.33972904947495863,-0.1434021110102371
0.1384150218391328,-0.2135939963218922,0.009599638190015247
0.03349593940193843,-0.36459958289324035,0.01128984869478128
-0.1252015019335449,-0.32829777238617563,-0.060471292633349216
0.1385976890866047,-0.2140047121147746,0.0103073684920848
0.13889420246189466,-0.21370651938903276,0.010888794633030552
-0.12266137079363228,-0.32777960333173894,-0.060404147273787345
-0.11847592261888261,-0.3238800535175326,-0.05885944505899082
-0.12336487653159063,-0.3276195762765654,-0.060091318197455
0.14149570912527543,-0.21658453008895823,0.012219340130489975
0.219574001897483,-0.0035492257519164627,-0.07361460486026988
-0.1173904643420745,-0.32243375375260025,-0.04695163778353456
-0.11492723014134167,-0.3212971874242091,-0.045869999855024546
0.14141832471969523,-0.21547497089902753,0.01147799351782064
-0.028094738053960996,-0.3492624536494044,-0.00701129913608578
-0.01756730589891875,-0.35667267689053295,-0.007015158691002388
0.14211064350658376,-0.21444233677976587,0.010375554505774043
-0.10555529587658578,-0.3162984487492444,-0.013064198127414717
0.1405338803513252,-0.21540384334949025,0.01248313294633796
-0.11010781951264982,-0.34973128494943584,-0.018526070154500918
0.13979606333223915,-0.21532024026748797,0.012685359288907183
-0.11393996227605209,-0.3247829930191404,-0.014204784857556163
0.14022434950253962,-0.21500949983247053,0.012510394930699997
-0.10906203650754691,-0.32300877630827807,-0.013603633640700441
0.1409097816444645,-0.21537086796151333,0.01039872205874287
-0.11094142671455713,-0.3249717602089237,-0.016440098181543683
0.14042649212970318,-0.21499073023398113,0.011385338072437856
-0.10484032029714922,-0.3152810119313179,-0.01949816081201261
0.14044769920069763,-0.21498876108866385,0.011267306754646267
-0.11071972553284583,-0.32270506781573155,-0.01766039549442583
0.1411237525773812,-0.21507834177495475,0.011418984586545444
0.14141044259942817,-0.2143546027512169,0.010349445317596462
-0.1127438170910204,-0.34100090818688444,-0.020231497862934877
-0.10079701039149762,-0.3106114616087865,-0.021561548021487853
0.13989643435442228,-0.21419079271920852,0.010932529695773019
-0.10094003250481177,-0.30909330489085346,-0.025091800165330858
0.13864911119683787,-0.214427442768438,0.011755549516369035
-0.10438558267660437,-0.3235470672113667,-0.022526868307296444
0.13866999130540147,-0.21442531528670758,0.011636870952164757
-0.10306091610108727,-0.32037171374009127,-0.024300141762646055
0.1388003581370742,-0.21441203216359583,0.010895890685914733
-0.09386928105115257,-0.30762158086640723,-0.015929658391230728
0.14098326169992728,-0.21578664213193854,0.011683284876050637
-0.10015978956785142,-0.3199773712916432,-0.01492159578600144
0.14160012070926892,-0.2165769537737031,0.011646711192198622
0.7449134346489898,0.8961634218101013,-2.005105967675324
-0.10111324492059186,-0.31272365550125025,-0.014452030343912292
0.14100570816562136,-0.2157847873347741,0.011559274934829278
0.8236543433518224,1.047585182037909,-2.3363289462291745
-0.10729007102326428,-0.3175551412015407,-0.03404553519453041
0.14182498600848764,-0.21697774944547527,0.012085021020212805
0.41082862183552105,0.30339391009418226,-0.7591570180431835
-0.10246123406847991,-0.3123787716284616,-0.034117289955620966
-0.10187152464912853,-0.31185817438538627,-0.034948111015625616
0.14248378707078396,-0.218872622829452,0.012965823008630029
-0.1027404703475389,-0.31442499745326025,-0.0179082274502661
-0.10197041823133284,-0.3239055854809101,-0.018238424223979977
0.14153560666974355,-0.21769244049200667,0.013161710501007062
0.1399934912369935,-0.21572387487646,0.013281995045883288
-0.10317628451956455,-0.3147610585786481,-0.017979199198542573
-0.10355734306051724,-0.3128983412701915,-0.019850411206458363
0.139321386053255,-0.21478746199932172,0.009677148157732074
-0.10740718208329407,-0.3148467886692656,-0.05381891062655336
0.13897523269381046,-0.21482090638497064,0.011637194904269288
-0.10290130593610726,-0.31512199812754693,-0.019410809637026738
0.13977519700402802,-0.2148987375782075,0.011092958820239307
-0.10265494181247216,-0.31558717064646835,-0.019679279647777992
0.13901976642788902,-0.2148166036580542,0.011385028636890226
-0.10288458368173332,-0.31284786568153305,-0.02261798747994065
0.13942999505657794,-0.21450664797037391,0.011315968173592206
-0.10441730672514109,-0.3147052867026402,-0.013552230114049102
0.13806814119448202,-0.21432777348748466,0.011056471263631185
0.1382804007991868,-0.21473308096688384,0.011590330488435552
-0.045638431616829345,-0.3426859238051662,0.0010952819245030332
-0.06056171171755506,-0.3491950440436412,0.0006577595692905946
0.13827349056114813,-0.2147337619627252,0.011629801713876176
0.13834910621956517,-0.2147263101284127,0.011197885666481
0.13825752336713132,-0.21473533551093915,0.011721006200778594
0.13835831987028338,-0.21472540213395755,0.011145257365893557
0.1380420115437252,-0.21433048772794472,0.01120629391448763
0.13806802152463588,-0.2143277859182952,0.011057157428698838
0.13808671083278373,-0.21432584454996934,0.010949996345091417
0.13812255455322656,-0.21432212125197467,0.010744474990700748
0.13813186278604297,-0.21432115435110188,0.010691103281743719
0.13807783965505765,-0.2143267660513601,0.011000862059888372
0.13807184575667614,-0.21432738867282763,0.011035229979798056
0.138063791455726,-0.21432822532042464,0.01108141187217676
0.13807407265642208,-0.21432715735165742,0.011022461342887202
0.13810424506676433,-0.21432402316598878,0.010849458246049992
0.13810390686937302,-0.21432405829654033,0.010851397408197683
0.13808421337512478,-0.21432610397558083,0.010964316311720457
0.1380937661506703,-0.21432511167261692,0.010909542439364373
0.1381250520108855,-0.2143218618263632,0.010730155024071708
-0.27537622390856126,-0.5317373579497038,-0.42900382331631076
0.13852150583696377,-0.21401287926760892,0.01074202587291051
-0.2005321236581753,-0.4537291115663351,-0.32730032825107586
-0.45901379442985085,-0.215069912053652,-0.6527263464553525
0.13850481558762578,-0.2140146685299183,0.010837250743164217
-0.1985554246172978,-0.4457812687774546,-0.3319202236943472
-0.3325924462348783,-0.15947377699736187,-0.5442720476926273
0.13807107570723132,-0.2143274686623912,0.011039645302842072
-0.19094808536197588,-0.4308873634209601,-0.3217711975145569
0.1385029227711282,-0.21401487144751102,0.010848050054890979
-0.17606676804276528,-0.413753708529442,-0.31212278143942723
0.13847898021106603,-0.21401743818689525,0.010984652398528694
-0.0868534631326477,-0.3455093073106761,-0.01096793154498621
0.1379930353584257,-0.21433557517227975,0.011487114426736111
-0.08647757858126735,-0.34519059230114635,-0.009720788940114411
-0.08498000217117906,-0.3447442481917898,-0.012590755043388802
-0.0881151851992588,-0.3434457542263645,-0.029078133915776128
0.13818762243846472,-0.21361959212428638,0.010901999076682212
-0.08735501387626261,-0.3436487459053996,-0.036411604764361616
-0.08023477676495468,-0.3383793940101862,-0.011347651723695673
0.22865259262073057,0.12568846100590758,-0.2805462047230473
0.1378847274480663,-0.21391827557802437,0.010352323053890777
0.13805058094531747,-0.21432959757381534,0.011157158528991684
0.1381829149830215,-0.21431585125922734,0.010398379297234805
0.1380988703297608,-0.21432458147152347,0.010880276007566247
0.13810881333306552,-0.2143235486333078,0.010823264640424324
0.13809429165738601,-0.21432505708514452,0.010906529279719523
0.1380970336577741,-0.21432477225744193,0.010890807149691373
0.13854769677021367,-0.2140100714935151,0.010592595617553213
0.138514849606573,-0.2140135928424585,0.010780002458071258
0.13811632651818956,-0.21432276819459328,0.010780185407481935
0.13843055092231416,-0.21471828384862854,0.010732674163612232
0.13850333584434177,-0.21401482716438994,0.010845693299016912
0.13849390313450288,-0.21401583838907856,0.01089951086353369
0.1380979233770651,-0.21432467983706782,0.010885705661579759
0.13807013916060923,-0.21432756594699548,0.01104501529032792
0.13848578284715268,-0.21401670891676228,0.010945840507488536
0.13805272979951155,-0.21432937435969548,0.011144837391037943
0.13807576884641543,-0.21432698115842963,0.011012735698884946
0.13810862602374108,-0.21432356809022865,0.010824338637921538
0.13845722850766817,-0.2140197700575741,0.011108754986327907
0.13804422283436074,-0.21433025802818456,0.011193614777368188
0.13803144937904252,-0.21433158488209325,0.011266855440022983
0.13801465397628604,-0.2143333295193304,0.011363157215603381
0.13874647471986784,-0.21441680616296832,0.01119976124935651
0.13878245544066964,-0.21441313980858756,0.010995250976559456
0.13879827016157056,-0.21441152832416024,0.01090536192448982
0.13873960400308744,-0.21441750627352768,0.011238813612170717
0.13875877272553358,-0.2144155530238999,0.011129860801630254
0.13877146439335253,-0.21441425977154502,0.01105772282356704
0.13879771903455612,-0.21441158448276126,0.010908494466961516
0.1383300483864165,-0.21472747572827083,0.011304350556338716
0.13835039232485602,-0.21472547070738449,0.011188144599464656
0.13877176882541764,-0.21441422875060348,0.011055992466773135
0.13873468060175817,-0.21441800795703014,0.011266797658251504
0.1387063999126728,-0.2144208896955281,0.011427541837657762
0.13873967223786066,-0.21441749932055804,0.01123842577357892
0.13875939733614995,-0.2144154893774854,0.011126310586828947
0.13832487230349133,-0.21472798586323832,0.011333916693248125
0.1383173823913675,-0.21472872404037593,0.011376699579553007
0.13834549306574018,-0.21472595355965443,0.011216129499990457
0.13877692842403883,-0.2144137029991292,0.011026665902490185
-0.18695630895696416,-0.6077078882524503,-0.23708890529052667
0.13833494764553236,-0.2147269928760009,0.01127636565581297
0.13835374032602157,-0.21472514074117444,0.011169020589617107
0.1387975930626671,-0.21441159731901294,0.010909210476669373
0.13879321029069489,-0.21441204391360197,0.010934121647754036
0.1384298437166645,-0.21402198879243772,0.011262585416509596
-0.24265620237092278,-0.69524712615971,-0.39779501240154297
0.13879980281955367,-0.21441137214976502,0.010896650473044611
0.13837158240399575,-0.21472338229410184,0.011067105429493407
0.13803235769051386,-0.21433077704837086,0.0112592337473581
0.13877263488215466,-0.21441414050137333,0.011051069900031851
0.13879462222561767,-0.2144119000406146,0.01092609637227887
0.13874002390938417,-0.21441746348602214,0.011236426913144637
0.13875783843402334,-0.2144156482260997,0.011135171206963279
0.13879074334120153,-0.214412295290197,0.01094814350453227
0.13833177200636132,-0.21472730585487096,0.011294505122251774
0.13836757629339674,-0.21472377712106458,0.0110899886050832
0.13877089227102318,-0.2144143180695213,0.011060974700990045
0.1383374338367255,-0.2147267478464908,0.011262164363008809
-0.17394734525843783,-0.590587676795922,-0.20185530738406404
0.13841218637187752,-0.21402388186318405,0.011363329309962866
0.13878387787324986,-0.21441299486591256,0.010987166033608609
0.13879506837605793,-0.21441185457888995,0.010923560504563612
0.1383642857462294,-0.21472410142482798,0.011108784433794594
0.13878829738702303,-0.21441254452741676,0.01096204602635914
0.13880911424168385,-0.21441042333682972,0.010843725422141348
0.13880966011986962,-0.21441036771307254,0.010840622713407466
-0.3476283259402038,-0.8791974996589071,-0.7122639062742344
0.1387758839071257,-0.21441380943304922,0.011032602816317572
0.13877963681965277,-0.2144134270197185,0.011011271693771973
0.13873110614940717,-0.214418372185671,0.011287114433710943
0.1383055782062909,-0.21472988741578108,0.0114441258857238
0.13831033644195675,-0.2147294184622439,0.011416946520714233
0.1380129766294908,-0.2143327904172621,0.011370362696691783
0.13799041655416297,-0.21433513403270169,0.011499719777043615
0.13798514074318918,-0.2143356821014415,0.011529970717882365
0.1379873363962769,-0.21433545400971743,0.011517381075837052
0.1380063012197478,-0.21433348388096343,0.011408638788502512
0.1379873363962769,-0.21433545400971743,0.011517381075837052
0.13879855359832088,-0.214411499442594,0.010903750902647169
0.1387926591636804,-0.214412100072203,0.010937254190225731
0.1387735114365491,-0.21441405118245552,0.011046087665814885
0.13878047138341754,-0.21441334197955123,0.011006528129457682
0.13876687691706063,-0.214414727225043,0.011083797510426985
0.13877887573948994,-0.21441350457207226,0.011015597585756765
0.1387599169701922,-0.2144154364279473,0.011123357046784188
0.13873343138052538,-0.2144181352498591,0.011273898087854062
0.1387395305194855,-0.21441751376134116,0.011239231284500273
0.13876782695505702,-0.21441463041831174,0.011078397603880408
0.1387580483871717,-0.21441562683234694,0.011133977857450239
0.1383157318946931,-0.2147288867070255,0.011386127328557427
0.13875031161365428,-0.21441641519213647,0.011177952787005674
0.13877085028039354,-0.21441432234827187,0.01106121337089272
0.138717805617458,-0.21441972747990892,0.011362713125361967
0.13872121210729027,-0.21441938036627026,0.011343351029512894
0.1387890269742136,-0.2144124701841259,0.010957899136801341
0.1387358825835326,-0.21441788547779553,0.011259965732289323
0.1387236055731817,-0.2144191364774887,0.01132974684506427
0.13875287304206438,-0.2144161541883527,0.01116339392294663
0.13872904860855317,-0.21441858184444815,0.011298809258938725
0.13870886686216616,-0.21442063831893307,0.011413519980879583
0.13870643665447374,-0.21442088595162137,0.011427333001493012
0.13870177044575127,-0.21442136142777665,0.01145385519442027
0.13800763838288416,-0.2143333449720225,0.011400971636830404
0.13872867594171479,-0.21441861981835933,0.011300927454324372
0.13798197733779266,-0.21433601072648467,0.011548109349075575
0.13829605128877775,-0.21473082635239127,0.011498544285040435
0.1382964273513112,-0.21473078928910402,0.011496396190330549
0.1383044395725092,-0.21472999963517858,0.011450629839150905
0.13875090473129842,-0.2144163547547849,0.01117458157463136
0.13877113371714384,-0.21441429346670562,0.011059602349050068
0.13877509658281928,-0.2144138896596221,0.011037077876991486
0.13833729281327545,-0.2147267617452235,0.011262969898524988
0.13878000423766243,-0.21441338958065115,0.011009183332124195
0.1387927798867407,-0.21441208777079515,0.010936568014255743
0.13834158097077454,-0.21472633912079533,0.01123847565190278
0.13875427447932975,-0.21441601138505298,0.011155428314947091
0.13877876026525834,-0.21441351633863628,0.01101625392798894
0.13834176900204126,-0.2147263205891517,0.011237401604547836
0.13874085847314893,-0.2144173784458549,0.01123168334883029
0.13875462615085327,-0.21441597555051709,0.011153429454512753
0.13875686740071214,-0.21441574717220627,0.011140690448461055
0.13871229959614198,-0.2144202885310753,0.011394008716341442
0.13870756515264626,-0.21442077096020024,0.011420918747860442
0.13876678243814386,-0.21441473685223175,0.011084334517707795
0.13874980247726948,-0.21441646707198694,0.011180846659574806
0.13874031259496317,-0.2144174340696121,0.011234786057564172
0.13873769342943726,-0.2144177009566779,0.011249673092739332
0.13874166679277017,-0.21441729607990676,0.011227088953205067
0.13874320994841066,-0.2144171388358239,0.01121831783428423
0.13875961778695575,-0.214415466914045,0.01112505756984028
0.1387196427075062,-0.2144195402845722,0.011352271317122908
0.1387268545981527,-0.21441880540916458,0.011311279761349935
0.1387277101572323,-0.21441871822962205,0.011306416862084334
0.13830859715273974,-0.2147295898799474,0.011426881458747373
0.1387233956200333,-0.21441915787124144,0.011330940194577255
0.13877690217989527,-0.21441370567334828,0.011026815071179308
0.13879041791382157,-0.21441232845051378,0.010949993196277485
0.13834578033573097,-0.21472592524742112,0.011214488594309291
0.13876893445791466,-0.21441451756626587,0.011072102685199148
0.13872474981784028,-0.21441901988153608,0.011323243090218205
0.13877802018041033,-0.2144135917516148,0.01102046048502242
0.13830398516361467,-0.214730044419984,0.011453225453591953
0.13831320391877405,-0.21472913585467865,0.01140056729855149
0.13874084797549152,-0.21441737951554254,0.011231743016305917
0.13874495780837087,-0.2144169607328321,0.011208383199588168
0.13874643272923814,-0.2144168104417189,0.011199999919259074
0.13877098150111128,-0.2144143089771764,0.011060467527447049
0.13920624558986533,-0.21479787009464138,0.010326730950964036
0.13870614272006604,-0.21442091590287524,0.011429003690811235
0.13873102741697654,-0.2144183802083283,0.011287561939778368
0.13876365413623315,-0.21441505561914803,0.011102115425452086
0.13873103791463398,-0.21441837913864067,0.011287502272302685
0.1387387851858088,-0.2144175897091635,0.011243467675271568
0.13876118193791112,-0.21441530753058685,0.011116167115968134
0.1387341872118595,-0.21441805823234913,0.01126960202960714
0.13873574611398615,-0.21441789938373482,0.011260741409472808
0.1383035412009016,-0.21473008817525366,0.011455761398735609
0.1384169497242912,-0.2140233711769389,0.011336152026298119
0.1384280607274515,-0.2140221799494186,0.011272758252656334
0.13827265184225426,-0.2147331325124865,0.011632203511432182
0.1383075211960469,-0.21472969592213034,0.011433027396389517
0.13826363156454308,-0.21473402151661244,0.011683727949820255
0.13828575657692557,-0.21473184095987957,0.011557348377723042
0.13799823661717442,-0.21433432165862287,0.011454880364735354
0.13828601773146265,-0.21473181522148566,0.011555856645285634
0.13826966423434994,-0.2147334269597129,0.011649268930516155
0.13829980669102115,-0.21473045623428672,0.011477093172590491
0.13829141840728976,-0.2147312829514994,0.011525007618480076
0.13829845391051904,-0.2147305895591672,0.011484820346616298
0.13829854792615237,-0.2147305802933454,0.011484283322938826
0.138010120199289,-0.21433308715270405,0.011386741164660652
0.13828375091008072,-0.2147320386307449,0.011568804882842343
0.13829990070665452,-0.2147304469684649,0.01147655614891302
0.1383127025020628,-0.21472918527239496,0.011403431424831356
0.13831832254770104,-0.2147286313821578,0.011371329342778347
0.13830148852624002,-0.21473029047902986,0.011467486415693617
0.13801004735771738,-0.21433309471972808,0.011387158830510502
0.13834199359494315,-0.21472629845413294,0.011236118714651688
0.13831933582730496,-0.2147285315171894,0.011365541420921221
0.13878990352860804,-0.21441238086520809,0.01095291690258443
0.1387641737702754,-0.21441500266960992,0.011099161885407272
0.1387259360531286,-0.21441889900683295,0.01131650066546952
0.1380299747305277,-0.21433102459815667,0.011272897387303027
0.13828343752463618,-0.21473206951681761,0.011570594961767211
0.1387244033951455,-0.21441905518122817,0.011325212116914729
0.13873058651536496,-0.21441842513520912,0.011290067973755702
0.13829679819075386,-0.21473075274058467,0.01149427793026947
-0.1378202003908257,-0.5401900866858644,-0.13315790933646293
0.13871599477155327,-0.21441991200102656,0.011373005764911903
0.13830202650458645,-0.2147302374579384,0.011464413446872546
0.13801314312451168,-0.2143327731212072,0.011369408031892125
0.1387144621135702,-0.21442006817542178,0.011381717216357057
0.13802462607798227,-0.2143315802339205,0.011303565993991627
0.1383059647150058,-0.2147298493229581,0.011441918121716466
0.13831407095183718,-0.21472905040321083,0.01139561474685935
0.1387329379906267,-0.2144181855251781,0.011276702459209698
0.13875115142624775,-0.2144163296171254,0.011173179388953569
0.1383412414698763,-0.21472637258070743,0.01124041490407146
0.13876139713988817,-0.21441528560199027,0.01111494393271728
0.13830325915400155,-0.2147301159727191,0.011457372469768023
0.13829008129605985,-0.2147314147320763,0.011532645288559629
0.13828650870199238,-0.21473176683330508,0.011553052188303325
0.1382889792239133,-0.2147315233480986,0.011538940399445474
0.13829618708913707,-0.21473081296842644,0.011497768584173007
0.13829156465383052,-0.21473126853799882,0.01152417224831509
0.13827379569912673,-0.2147330197783211,0.01162566972335638
0.13875166056263255,-0.21441627773727495,0.011170285516384437
